Price,Close,High,Low,Open,Volume
Ticker,BBNI.JK,BBNI.JK,BBNI.JK,BBNI.JK,BBNI.JK
Date,,,,,
2021-09-20,1954.1075439453125,2001.5373387012667,1944.6215849941216,1992.0513797500757,44196800
2021-09-21,1944.6214599609375,1944.6214599609375,1906.677626595846,1935.1355016196646,54314200
2021-09-22,1954.1075439453125,1963.5935028965032,1916.163708140549,1944.6215849941216,41978200
2021-09-23,1944.6214599609375,1973.079334984756,1935.1355016196646,1963.5933766434832,61940400
2021-09-24,1935.1356201171875,1963.5934968836166,1925.6496611950445,1944.6215790393305,39455000
2021-09-27,1925.6497802734375,1944.6216992909099,1906.6778612559654,1935.1357397821737,26683200
2021-09-28,1916.16357421875,1944.621449083385,1916.16357421875,1925.6495325069616,27900800
2021-09-29,1982.5653076171875,1992.0512660268391,1906.6776403399747,1906.6776403399747,42313400
2021-09-30,2039.48095703125,2039.48095703125,1973.0792514534885,1982.5652093931685,69114400
2021-10-01,2029.9951171875,2039.4810756790303,2020.5091586959695,2039.4810756790303,28026800
2021-10-04,2162.798583984375,2200.7424187911183,2029.995162160773,2029.995162160773,147876600
2021-10-05,2162.798583984375,2181.7705013877467,2134.3407078793175,2153.312625282689,65757000
2021-10-06,2276.630126953125,2352.5177978515626,2162.798620605469,2181.770538330078,222205600
2021-10-07,2267.144287109375,2305.088124550536,2238.6864090285044,2276.630246469665,84459800
2021-10-08,2333.5458984375,2352.517816310976,2286.116103753811,2295.602062690549,96927800
2021-10-11,2428.4052734375,2437.8912315368652,2333.5456924438477,2333.5456924438477,146990800
2021-10-12,2428.4052734375,2466.349105834961,2399.9473991394043,2428.4052734375,144795200
2021-10-13,2532.7509765625,2580.180770131086,2428.4054307116103,2466.3492655664795,297783800
2021-10-14,2608.638671875,2608.638671875,2532.7510014204545,2532.7510014204545,156735200
2021-10-15,2561.208740234375,2646.582364908854,2523.2649070457173,2637.09640661169,118737200
2021-10-18,2684.526123046875,2722.469955174746,2589.6665427271973,2608.638458791133,206314600
2021-10-19,2741.442138671875,2741.442138671875,2665.554467013138,2712.9842617998484,128186800
2021-10-21,2779.385986328125,2826.8157813166595,2750.928109335004,2788.871945325832,140777400
2021-10-22,2826.8154296875,2836.3013875052434,2703.4979780568374,2779.3856405987835,95312000
2021-10-25,2788.871826171875,2874.2454535036672,2788.871826171875,2836.3016191339816,97000800
2021-10-26,2760.413818359375,2807.8436090528353,2731.955943943299,2788.8716927754513,52453800
2021-10-27,2684.526123046875,2750.9278292706495,2675.0401650149074,2741.4418712386814,95347600
2021-10-28,2675.04052734375,2684.5264866605717,2627.610730759641,2665.5545680269283,78045400
2021-10-29,2656.068115234375,2722.4698181152344,2599.152369907924,2722.4698181152344,118294800
2021-11-01,2599.15283203125,2665.5545467181796,2589.66687279026,2665.5545467181796,69669000
2021-11-02,2580.1806640625,2637.096414005055,2551.7227890912227,2599.1525807100184,60944600
2021-11-03,2665.554443359375,2675.04040223254,2551.7229368813946,2580.1808135008896,93339800
2021-11-04,2656.068115234375,2703.4979030064173,2656.068115234375,2684.5259878976003,54733000
2021-11-05,2637.096435546875,2665.5543107506182,2608.6385603431318,2656.0683523493703,32817000
2021-11-08,2675.04052734375,2703.4984052942154,2627.610730759641,2656.068608710106,49871600
2021-11-09,2675.04052734375,2684.5264866605717,2646.5826493932846,2675.04052734375,24198600
2021-11-10,2684.526123046875,2684.526123046875,2627.6103748550686,2656.068248950972,25594600
2021-11-11,2665.554443359375,2703.498278852035,2656.06848448621,2656.06848448621,31442200
2021-11-12,2618.124755859375,2675.040511421535,2618.124755859375,2665.5545521611753,46965800
2021-11-15,2580.1806640625,2627.610455681296,2580.1806640625,2599.1525807100184,49796800
2021-11-16,2608.638671875,2637.0965482954543,2561.208877840909,2580.180795454545,38494800
2021-11-17,2656.068115234375,2656.068115234375,2618.124285016741,2637.096200125558,40673800
2021-11-18,2627.610595703125,2656.0684721908847,2618.124636873872,2656.0684721908847,21636600
2021-11-19,2665.554443359375,2675.04040223254,2627.610607866715,2637.09656673988,47973200
2021-11-22,2722.469970703125,2731.955928789199,2656.0682641006097,2665.5542221866835,105224000
2021-11-23,2656.068115234375,2731.9557756696427,2656.068115234375,2722.4698181152344,64255400
2021-11-24,2684.526123046875,2703.4980391108106,2665.5542069829394,2684.526123046875,39856200
2021-11-25,2722.469970703125,2760.4138030474196,2675.040180272757,2684.526138358831,94781000
2021-11-26,2608.638671875,2703.498259943182,2599.1527130681816,2703.498259943182,136419000
2021-11-29,2637.096435546875,2665.5543107506182,2561.2087683368927,2608.6385603431318,110182000
2021-11-30,2580.1806640625,2656.0683306525734,2580.1806640625,2656.0683306525734,103074800
2021-12-01,2523.26513671875,2618.124728324718,2504.2932183975563,2580.180891682331,102525600
2021-12-02,2589.666748046875,2608.638665614984,2485.3212014222754,2523.265036558493,80505200
2021-12-03,2551.72314453125,2608.6389024018354,2551.72314453125,2599.152942756738,25241800
2021-12-06,2599.15283203125,2627.61070975422,2551.7230358263,2551.7230358263,53587600
2021-12-07,2675.04052734375,2675.04052734375,2599.1528528091753,2618.124771442819,52704600
2021-12-08,2599.15283203125,2684.5264652001597,2599.15283203125,2675.04050595917,69263600
2021-12-09,2589.666748046875,2618.124624399038,2580.1807892628203,2618.124624399038,22996000
2021-12-10,2570.69482421875,2599.1527005016146,2561.2088654577956,2580.180782979705,44792200
2021-12-13,2599.15283203125,2637.0966689952097,2580.18091354927,2599.15283203125,44218400
2021-12-14,2608.638671875,2618.124630681818,2570.6948366477272,2599.1527130681816,28209200
2021-12-15,2608.638671875,2646.5825071022728,2589.6667542613636,2599.1527130681816,39056400
2021-12-16,2561.208740234375,2637.09640661169,2561.208740234375,2627.6104483145255,44312200
2021-12-17,2561.208740234375,2599.152573423032,2551.7227819372106,2561.208740234375,46617600
2021-12-20,2551.72314453125,2570.695063821445,2523.2652655959573,2561.2091041763474,42364800
2021-12-21,2542.236572265625,2580.1804017024256,2532.750614906425,2551.7225296248253,27763600
2021-12-22,2513.77880859375,2570.69455520342,2504.2928508254718,2561.2085974351417,36773200
2021-12-23,2523.26513671875,2532.751095879347,2513.779177558153,2513.779177558153,20865200
2021-12-24,2551.72314453125,2551.72314453125,2494.807386660664,2523.2652655959573,27466400
2021-12-27,2561.208740234375,2561.208740234375,2532.7508653428818,2551.7227819372106,21300600
2021-12-28,2542.236572265625,2570.6944443432253,2542.236572265625,2561.2084869840255,29432600
2021-12-29,2551.72314453125,2561.2091041763474,2532.7512252410547,2542.237184886152,16851800
2021-12-30,2561.208740234375,2570.6946985315394,2532.7508653428818,2551.7227819372106,23619400
2022-01-03,2551.72314453125,2580.1810234665427,2542.237184886152,2561.2091041763474,23056600
2022-01-04,2665.554443359375,2675.04040223254,2570.694854627725,2580.1808135008896,103142000
2022-01-05,2637.096435546875,2675.040269151866,2599.152601941884,2665.5543107506182,71824800
2022-01-06,2637.096435546875,2656.0683523493703,2589.666643540636,2637.096435546875,44384800
2022-01-07,2684.526123046875,2694.0120810788426,2627.6103748550686,2656.068248950972,67311600
2022-01-10,2675.04052734375,2722.470323927859,2665.5545680269283,2684.5264866605717,63924600
2022-01-11,2665.554443359375,2703.498278852035,2646.582525613045,2675.04040223254,38404400
2022-01-12,2675.04052734375,2694.012445977394,2646.5826493932846,2675.04052734375,28322200
2022-01-13,2665.554443359375,2684.5263611057053,2656.06848448621,2675.04040223254,25598400
2022-01-14,2694.012451171875,2712.9843698420996,2646.582654496314,2665.5545731665384,39342200
2022-01-17,2731.9560546875,2731.9560546875,2675.0403035481772,2703.4981791178384,92592800
2022-01-18,2684.526123046875,2750.9278292706495,2627.6103748550686,2731.955913206714,70206600
2022-01-19,2694.012451171875,2694.012451171875,2637.0966951612018,2665.5545731665384,44159000
2022-01-20,2712.98388671875,2712.98388671875,2646.582183197662,2694.0119714270104,33241200
2022-01-21,2722.469970703125,2722.469970703125,2675.040180272757,2703.4980545309777,21681400
2022-01-24,2694.012451171875,2703.498410506987,2665.5545731665384,2703.498410506987,40845000
2022-01-25,2580.1806640625,2694.0121639476106,2570.694705738741,2694.0121639476106,144670400
2022-01-26,2703.498046875,2703.498046875,2599.1525082236844,2608.638466282895,107417000
2022-01-27,2731.9560546875,2769.899888780382,2675.0403035481772,2694.012220594618,97516000
2022-01-28,2845.78759765625,2845.78759765625,2731.95609375,2731.95609375,127578000
2022-01-31,2779.385986328125,2855.2736583097803,2779.385986328125,2845.7876993120735,60466600
2022-02-02,2798.357666015625,2807.843624205508,2769.8997914459746,2779.385749635858,38728000
2022-02-03,2769.89990234375,2788.8718194830903,2741.442026634739,2779.3858609134204,32303800
2022-02-04,2779.385986328125,2788.871945325832,2741.4421503372973,2760.4140683327114,21974000
2022-02-07,2798.357666015625,2817.3295823953918,2779.385749635858,2779.385749635858,57166000
2022-02-08,2845.78759765625,2883.731432291667,2807.843763020833,2817.3297216796877,131125400
2022-02-09,2874.245361328125,2893.217277904548,2817.329611598855,2855.273444751702,110157800
2022-02-10,2912.189453125,2940.647330517101,2874.245616602199,2902.7034939943,142626800
2022-02-11,2921.67529296875,2950.133169198965,2874.2454992517246,2902.70337548194,70289600
2022-02-14,2921.67529296875,2921.67529296875,2883.73145799513,2912.1893342253447,72269600
2022-02-15,3007.048828125,3016.534786573344,2931.161160538249,2940.647118986593,136495000
2022-02-16,3016.534912109375,3026.0208709524863,2997.5629944231523,3016.534912109375,93191200
2022-02-17,2997.562744140625,3016.5346602427812,2950.1329538852356,3016.5346602427812,41691800
2022-02-18,3026.020751953125,3026.020751953125,2969.10500113269,2997.5628765429074,39658800
2022-02-21,2997.562744140625,3035.506576344937,2978.590828038469,2997.562744140625,49586600
2022-02-22,2940.64697265625,2978.590804561492,2921.6750567036293,2959.618888608871,62886200
2022-02-23,3007.048828125,3007.048828125,2950.1330774349367,2950.1330774349367,71828400
2022-02-24,2969.10498046875,3035.5066892971245,2921.6751884484825,2997.5628556809106,166483000
2022-02-25,3035.506591796875,3035.506591796875,2959.618927001953,2969.1048851013184,94301200
2022-03-01,3007.048828125,3111.3943710567823,3007.048828125,3111.3943710567823,74543000
2022-03-02,2950.133056640625,2997.5628485480306,2940.6470982591436,2978.5909317850683,79796000
2022-03-04,2997.562744140625,3007.0487021917033,2959.6189119363135,2978.590828038469,60579000
2022-03-07,2931.1611328125,2997.5628413228155,2921.6751744538833,2959.619007888349,76482800
2022-03-08,2883.7314453125,2969.1050736276725,2855.2735692074425,2921.6752801192433,86761000
2022-03-09,2950.133056640625,2997.5628485480306,2864.759431207295,2864.759431207295,78102800
2022-03-10,2950.133056640625,2997.5628485480306,2931.1611398776627,2978.5909317850683,38764200
2022-03-11,3016.534912109375,3026.0208709524863,2950.133200207596,2978.59107673693,61069000
2022-03-14,3073.45068359375,3111.3945191936727,2959.6191767939813,3026.020889093846,107659400
2022-03-15,3063.96484375,3111.3946400928794,3044.992925212848,3073.4508030185757,67142400
2022-03-16,3168.309814453125,3187.2817295097307,3073.4502391700976,3073.4502391700976,129432200
2022-03-17,3120.88037109375,3225.2259154160333,3111.394412518997,3206.2539982665276,63973200
2022-03-18,3149.338134765625,3168.310051240117,3073.4504688676584,3130.3662182911335,117918600
2022-03-21,3063.96484375,3168.3103957043345,3054.4788844814243,3158.8244364357583,60900600
2022-03-22,3044.99267578125,3073.4505512558408,3035.5067172897193,3063.9645927643105,44859000
2022-03-23,3063.96484375,3063.96484375,3026.0210066756968,3035.5069659442725,71597200
2022-03-24,3178.465576171875,3188.126565765103,3072.194690646372,3091.516669832827,91401400
2022-03-25,3178.465576171875,3197.7875553583303,3130.1606282057373,3178.465576171875,58910800
2022-03-28,3284.736572265625,3294.397562184053,3178.4656831629136,3207.4486529181986,95596200
2022-03-29,3236.43115234375,3304.0580719449626,3236.43115234375,3284.7360949160447,37284800
2022-03-30,3246.09228515625,3313.719207763672,3217.1093183244975,3265.4142630440847,52844800
2022-03-31,3188.126220703125,3265.4141290838065,3188.126220703125,3255.7531405362215,53597400
2022-04-01,3168.804443359375,3265.4143349252095,3139.8214758896247,3188.126421672542,68466400
2022-04-04,3255.75341796875,3294.3973754520584,3168.804513631306,3168.804513631306,69486600
2022-04-05,3236.43115234375,3265.414117887127,3207.448186800373,3255.753129372668,29250200
2022-04-06,3149.482421875,3207.4483560199383,3139.8214328508434,3197.787366995782,69207400
2022-04-07,3207.4482421875,3207.4482421875,3120.499344055911,3149.482310099774,53820600
2022-04-08,3255.75341796875,3265.4144073395773,3188.12649237296,3217.1094604854416,83823600
2022-04-11,3246.09228515625,3284.7362409319194,3226.770307268415,3284.7362409319194,71495400
2022-04-12,3255.75341796875,3275.075396710404,3197.787481743787,3246.0924285979227,55549200
2022-04-13,3265.414306640625,3294.397273859329,3236.431339421921,3294.397273859329,57121000
2022-04-14,3246.09228515625,3284.7362409319194,3226.770307268415,3265.4142630440847,35981200
2022-04-18,3255.75341796875,3255.75341796875,3226.7704498562684,3246.0924285979227,42492600
2022-04-19,3246.09228515625,3265.4142630440847,3217.1093183244975,3246.09228515625,44256000
2022-04-20,3468.294921875,3487.6168991556406,3265.4141604282727,3284.7361377089137,138547200
2022-04-21,3622.871337890625,3632.532328125,3477.956484375,3477.956484375,132273800
2022-04-22,3613.20947265625,3651.853424235461,3574.5655210770387,3593.887496866644,85603200
2022-04-25,3671.176025390625,3825.7518580386513,3545.583161364104,3603.5490986071136,155795400
2022-04-26,3709.81982421875,3748.463780721029,3661.514878590902,3671.1758677164717,79762000
2022-04-27,3651.85400390625,3719.480929904514,3632.5320250496034,3709.819940476191,103426600
2022-04-28,3564.905029296875,3690.497889407605,3535.922061579014,3651.8539324504573,140241600
2022-05-09,3410.329345703125,3477.956273238314,3342.7024181679353,3477.956273238314,209052000
2022-05-10,3439.31201171875,3439.31201171875,3226.7702581855688,3226.7702581855688,166343000
2022-05-11,3391.007080078125,3555.243890224359,3381.3460912459936,3458.634001903045,69604200
2022-05-12,3168.804443359375,3400.6681831173782,3159.1434542027914,3400.6681831173782,219025000
2022-05-13,3188.126220703125,3197.78720925071,3110.838312322443,3168.8042436079545,110677200
2022-05-17,3265.414306640625,3342.702219223835,3168.8044159116125,3226.77035034902,87783400
2022-05-18,3381.345947265625,3429.6508893694195,3284.7360630580356,3304.0580398995535,106075600
2022-05-19,3352.36328125,3400.668227665706,3265.4143777017293,3304.0583348342943,64859200
2022-05-20,3391.007080078125,3448.9730130709136,3362.024113581731,3362.024113581731,70372000
2022-05-23,3419.990234375,3468.2951811882062,3352.363308836511,3391.007266287076,60898200
2022-05-24,3506.939208984375,3545.583167210098,3458.6342612022213,3487.6172298715132,58031400
2022-05-25,3448.97314453125,3535.9220473345586,3429.6511661305144,3468.295122931985,73700400
2022-05-27,3555.243896484375,3622.8708184283714,3468.2949968420944,3477.9559856912365,119132800
2022-05-30,3555.243896484375,3584.226863031802,3487.616974540379,3555.2438964843755,66577800
2022-05-31,3545.582763671875,3613.2096828699764,3506.9388098443887,3584.2267174993613,173358200
2022-06-02,3419.990234375,3545.583096089336,3410.3292450123586,3497.2781492761296,69562600
2022-06-03,3458.63427734375,3526.261204554382,3439.3122981407123,3458.63427734375,44234800
2022-06-06,3439.31201171875,3468.2949781096386,3362.0241013430477,3439.31201171875,70969000
2022-06-07,3439.31201171875,3516.5999220944523,3410.329045327862,3516.5999220944523,59999400
2022-06-08,3477.9560546875,3477.9560546875,3419.9901204427083,3458.6340766059025,36033000
2022-06-09,3352.36328125,3477.956141930836,3352.36328125,3419.990206231989,104568600
2022-06-10,3207.4482421875,3284.7361516378014,3188.126264824925,3275.075162956514,148581400
2022-06-13,3188.126220703125,3197.78720925071,3062.533369584517,3110.838312322443,168106400
2022-06-14,3197.787353515625,3246.0922984327794,3149.4824085984706,3197.787353515625,89451800
2022-06-15,3197.787353515625,3207.4483424990563,3139.8214196150398,3197.787353515625,50537200
2022-06-16,3188.126220703125,3275.075117631392,3188.126220703125,3246.092151988636,70161000
2022-06-17,3159.1435546875,3188.126523079128,3130.1605862958713,3139.8215757597477,85689800
2022-06-20,3139.8212890625,3178.465243389423,3110.8383233173076,3168.804254807692,54511600
2022-06-21,3265.414306640625,3265.414306640625,3159.143426838711,3159.143426838711,55051400
2022-06-22,3149.482421875,3265.414290164877,3139.8214328508434,3255.753301140721,62430800
2022-06-23,3149.482421875,3178.465388947469,3120.4994548025306,3159.143410899156,48869800
2022-06-24,3149.482421875,3168.8043999233128,3130.160443826687,3149.482421875,46945000
2022-06-27,3110.83837890625,3168.8043114324537,3110.83837890625,3159.1433226780864,43368800
2022-06-28,3120.49951171875,3159.1434685202203,3091.516544117647,3101.1775333180144,64516600
2022-06-29,3101.17724609375,3139.8211993161017,3043.211316260222,3130.160211010514,80254600
2022-06-30,3033.55078125,3110.8386992436303,3033.55078125,3101.177709494427,51193400
2022-07-01,3033.55078125,3072.1947402468154,2994.9068222531846,3033.55078125,47117800
2022-07-04,2956.2626953125,2994.9066521139703,2859.6528033088234,2985.2456629136027,119435800
2022-07-05,2994.906494140625,3072.1944036668347,2956.26253937752,2965.9235280682965,44476000
2022-07-06,2956.2626953125,2975.584673713235,2898.296760110294,2956.2626953125,61698000
2022-07-07,2936.940673828125,2994.9066081799956,2936.940673828125,2936.940673828125,53792800
2022-07-08,2936.940673828125,2985.2456191213505,2917.6186957108343,2965.9236410040603,66599600
2022-07-11,2898.296875,2956.2628125,2898.296875,2936.9408333333336,38983600
2022-07-12,2878.974609375,2946.601529729446,2869.3136207529365,2898.2965866191275,91270400
2022-07-13,2792.02587890625,2917.6187385110293,2792.02587890625,2878.9747817095586,70323600
2022-07-14,2811.34765625,2859.652598797251,2763.042713702749,2792.0256792310997,53467400
2022-07-15,2811.34765625,2849.9916102878005,2801.6866677405496,2840.3306217783506,91881600
2022-07-18,2830.669677734375,2869.3136323792132,2811.3477004119563,2811.3477004119563,33885200
2022-07-19,2821.0087890625,2888.6357120879707,2811.347800058861,2830.6697780661384,52625000
2022-07-20,2965.923828125,2985.245807461319,2859.652941775244,2869.313931443404,99752400
2022-07-21,2985.24560546875,3023.889561526598,2917.618682367516,3014.228572512136,91623800
2022-07-22,2975.58447265625,3014.2284268465905,2956.2624955610795,2994.9064497514205,39950200
2022-07-25,2936.940673828125,2985.2456191213505,2936.940673828125,2975.5846300627054,22755600
2022-07-26,2965.923828125,2994.9067971294785,2946.6018487886804,2956.26283845684,40742800
2022-07-27,3004.567626953125,3023.889605261505,2985.245648644745,2994.9066377989348,61470200
2022-07-28,3023.889404296875,3072.194346857528,3023.889404296875,3033.5503928090056,90037400
2022-07-29,3033.55078125,3072.1947402468154,3023.889791500796,3043.211770999204,96026000
2022-08-01,3072.194580078125,3130.160515551297,3072.194580078125,3130.160515551297,141365800
2022-08-02,3120.49951171875,3120.49951171875,3043.2115981158086,3081.8555549172793,61474600
2022-08-03,3139.8212890625,3139.8212890625,3091.516346153846,3130.160300480769,39764400
2022-08-04,3091.5166015625,3139.821548461914,3072.1946228027346,3130.1605590820313,71928200
2022-08-05,3188.126220703125,3197.78720925071,3081.8553466796875,3101.1773237748575,50346600
2022-08-08,3188.126220703125,3197.78720925071,3159.143255060369,3188.126220703125,26413800
2022-08-09,3265.414306640625,3284.7362847864274,3188.126394057415,3197.7873831303164,80592200
2022-08-10,3275.0751953125,3275.0751953125,3207.4482738753686,3217.1092626521017,49372400
2022-08-11,3294.397216796875,3323.3801835135628,3246.0922722690616,3313.719194608,54002400
2022-08-12,3294.397216796875,3304.0582057024376,3246.0922722690616,3255.753261174624,34264400
2022-08-15,3304.05810546875,3313.7190940812316,3265.414151018823,3313.7190940812316,43855800
2022-08-16,3313.71923828125,3313.71923828125,3275.07528214969,3294.39726021547,36326200
2022-08-18,3342.702392578125,3371.6853612999007,3304.0584342824245,3313.7194238563497,51415600
2022-08-19,3284.736572265625,3352.363501694623,3284.736572265625,3342.702511776195,33229600
2022-08-22,3207.4482421875,3255.7531855939383,3168.8042874623493,3236.431208231363,80695200
2022-08-23,3207.4482421875,3246.0921969126507,3197.7872535062124,3207.4482421875,43109000
2022-08-24,3207.4482421875,3246.0921969126507,3188.126264824925,3207.4482421875,31310600
2022-08-25,3197.787353515625,3236.4313094493486,3188.126364532194,3226.770320465918,18239400
2022-08-26,3207.4482421875,3246.0921969126507,3207.4482421875,3217.1092308687876,27294200
2022-08-29,3168.804443359375,3207.448399985709,3139.8214758896247,3168.804443359375,50521600
2022-08-30,3255.75341796875,3284.7363860812316,3178.4655030021327,3188.12649237296,64186600
2022-08-31,3294.397216796875,3294.397216796875,3207.448316646811,3246.0922722690616,88222800
2022-09-01,3294.397216796875,3323.3801835135628,3265.414250080187,3313.719194608,24754600
2022-09-02,3362.024169921875,3381.3461479099315,3294.397246963676,3304.0582359577047,76147000
2022-09-05,3419.990234375,3429.651223737641,3313.719351385946,3362.0242981991523,40541000
2022-09-06,3381.345947265625,3439.3118777901786,3362.023970424107,3419.9899009486608,39143800
2022-09-07,3313.71923828125,3371.6851724785893,3304.05824924836,3371.6851724785893,45680600
2022-09-08,3391.007080078125,3400.6680689102564,3323.380158253205,3333.0411470853364,48818600
2022-09-09,3400.66796875,3410.328957297585,3381.3459916548295,3391.0069802024145,66122800
2022-09-12,3400.66796875,3439.3119229403405,3391.0069802024145,3439.3119229403405,33164600
2022-09-13,3468.294921875,3477.9559105153203,3400.6680013927576,3419.989978673398,65135200
2022-09-14,3439.31201171875,3458.6339893126756,3391.0070677339363,3419.9900341248244,46548200
2022-09-15,3545.582763671875,3574.5657290424897,3468.2948560169025,3477.955844473774,154342800
2022-09-16,3458.63427734375,3545.5831837574196,3429.6513085391935,3516.600214952863,90832000
2022-09-19,3468.294921875,3506.938876436281,3419.989978673398,3497.277887795961,63689800
2022-09-20,3468.294921875,3477.9559105153203,3439.3119559540387,3468.294921875,35548200
2022-09-21,3468.294921875,3468.294921875,3400.6680013927576,3448.972944594359,33158800
2022-09-22,3477.9560546875,3487.6170437282985,3429.651109483507,3468.2950656467015,25991400
2022-09-23,3477.9560546875,3497.278032769097,3468.2950656467015,3497.278032769097,47123200
2022-09-26,3477.9560546875,3477.9560546875,3381.3461642795137,3429.651109483507,77318600
2022-09-27,3477.9560546875,3497.278032769097,3410.3291314019098,3497.278032769097,42385400
2022-09-28,3477.9560546875,3516.600010850694,3439.3120985243054,3477.9560546875,74439000
2022-09-29,3468.294921875,3497.277887795961,3448.972944594359,3477.9559105153203,24479200
2022-09-30,3468.294921875,3497.277887795961,3400.6680013927576,3458.6339332346797,45655600
2022-10-03,3439.31201171875,3477.955966906601,3410.329045327862,3468.2949781096386,28349400
2022-10-04,3419.990234375,3477.956170550847,3419.990234375,3448.9732024629234,58380200
2022-10-05,3419.990234375,3468.2951811882062,3419.990234375,3439.3122131002824,64983000
2022-10-06,3439.31201171875,3458.6339893126756,3400.668056530899,3439.31201171875,23969000
2022-10-07,3391.007080078125,3429.651035406651,3381.3460912459936,3419.9900465745195,36556000
2022-10-10,3381.345947265625,3391.006935686384,3342.7019935825892,3362.023970424107,32778000
2022-10-11,3362.024169921875,3381.3461479099315,3323.380213945761,3381.3461479099315,56959000
2022-10-12,3342.702392578125,3391.007340447751,3323.380413430275,3352.3633821520502,46026200
2022-10-13,3381.345947265625,3429.6508893694195,3352.3629820033484,3362.023970424107,60923600
2022-10-14,3255.75341796875,3419.9902372728116,3255.75341796875,3410.329247901984,49869400
2022-10-17,3313.71923828125,3333.0412163470296,3226.77033698524,3255.7533040839103,46023600
2022-10-18,3352.36328125,3362.0242705331416,3313.7193241174355,3313.7193241174355,34089400
2022-10-19,3391.007080078125,3400.6680689102564,3323.380158253205,3371.6851024138623,26287200
2022-10-20,3477.9560546875,3506.9390218098956,3362.0241861979166,3362.0241861979166,74454000
2022-10-21,3477.9560546875,3545.5829779730902,3468.2950656467015,3477.9560546875,67147400
2022-10-24,3613.20947265625,3642.1924363406583,3487.6166300238133,3487.6166300238133,93991000
2022-10-25,3642.192626953125,3738.8025109571868,3642.192626953125,3690.497568955156,79026600
2022-10-26,3564.905029296875,3671.175910929031,3564.905029296875,3671.175910929031,57301400
2022-10-27,3613.20947265625,3661.5144121302637,3564.904533182236,3574.5655210770387,32568200
2022-10-28,3603.549072265625,3622.8710512053867,3526.2611565065768,3613.210061735506,67024200
2022-10-31,3632.53173828125,3661.5147042781746,3613.2097609499665,3632.53173828125,57043600
2022-11-01,3632.53173828125,3671.175692943816,3574.5658062874,3632.53173828125,41443800
2022-11-02,3574.566162109375,3632.5320998733105,3535.9222036000842,3632.5320998733105,49775000
2022-11-03,3593.8876953125,3632.5316490255373,3545.582753171203,3574.565718455981,47748600
2022-11-04,3584.22705078125,3593.8880401364554,3564.9050720708387,3584.22705078125,33068200
2022-11-07,3584.22705078125,3613.210018846866,3564.9050720708387,3584.22705078125,43164600
2022-11-08,3574.566162109375,3613.2101206186653,3555.2441828547294,3593.88814136402,34329200
2022-11-09,3593.8876953125,3613.2096721690186,3574.565718455981,3593.8876953125,44354400
2022-11-10,3584.22705078125,3593.8880401364554,3516.6001252948113,3584.22705078125,35056000
2022-11-11,3593.8876953125,3661.5146143103157,3584.2267068842402,3642.192637453797,76578200
2022-11-14,3516.60009765625,3603.5490011697284,3506.939108376974,3593.888011890453,53046400
2022-11-15,3526.260986328125,3555.2439533390407,3506.9390083208473,3535.9219753317634,32362600
2022-11-16,3516.60009765625,3526.2610869355253,3429.651194142771,3526.2610869355253,84179400
2022-11-17,3584.22705078125,3593.8880401364554,3487.6171572291946,3516.6001252948113,42451400
2022-11-18,3555.243896484375,3603.548840730087,3545.582907635233,3593.8878518809447,34503000
2022-11-21,3545.582763671875,3584.2267174993613,3526.260786758132,3535.9217752150034,24552400
2022-11-22,3574.566162109375,3603.5491309913427,3545.583193227407,3564.905172482052,24036600
2022-11-23,3574.566162109375,3603.5491309913427,3574.5661621093745,3574.5661621093745,26480000
2022-11-24,3584.22705078125,3613.210018846866,3574.566061426044,3574.566061426044,33691200
2022-11-25,3593.8876953125,3593.8876953125,3564.9047300277216,3584.2267068842402,28538800
2022-11-28,3584.22705078125,3613.210018846866,3574.566061426044,3593.8880401364554,46613400
2022-11-29,3622.871337890625,3642.193318359375,3584.227376953125,3584.227376953125,59310800
2022-11-30,3825.75146484375,3825.7514648437495,3622.87070534446,3632.531693892045,228769000
2022-12-01,3748.463623046875,3845.073510238805,3738.802634327682,3825.7515328004188,60043200
2022-12-02,3767.785888671875,3767.785888671875,3690.4979730068108,3729.141930839343,74888600
2022-12-05,3767.785888671875,3796.7688570462738,3729.141930839343,3767.785888671875,46350800
2022-12-06,3690.49755859375,3748.4634888334426,3671.175581847186,3748.4634888334426,80960600
2022-12-07,3671.176025390625,3709.8199835526316,3622.871077688117,3690.4980044716285,74967200
2022-12-08,3671.176025390625,3690.4980044716285,3584.2271195261105,3671.176025390625,60297600
2022-12-09,3690.49755859375,3700.158546967032,3642.19261672734,3700.158546967032,58429600
2022-12-12,3680.8369140625,3729.141860441273,3642.1929569594818,3690.4979033382547,36690000
2022-12-13,3729.14208984375,3729.14208984375,3671.176150623381,3709.820110103627,44457600
2022-12-14,3680.8369140625,3767.785817544291,3661.5149355109907,3738.8028497170276,51313400
2022-12-15,3661.5146484375,3709.819591029024,3622.8706943642815,3671.175636955805,45526000
2022-12-16,3787.108154296875,3787.108154296875,3613.210330885284,3632.5323112643496,106781400
2022-12-19,3642.192626953125,3767.7854761584053,3642.192626953125,3748.463499357593,60549800
2022-12-20,3651.85400390625,3680.8369721912204,3603.549056764633,3651.85400390625,37995800
2022-12-21,3613.20947265625,3671.1754000250667,3603.548484761447,3671.1754000250667,40936600
2022-12-22,3642.192626953125,3651.8536153535315,3613.2096617519064,3632.531638552719,30139000
2022-12-23,3603.549072265625,3651.8540196150298,3603.549072265625,3632.532040675268,30492000
2022-12-26,3603.549072265625,3632.532040675268,3584.227093325863,3613.210061735506,18889400
2022-12-27,3593.8876953125,3632.5316490255373,3574.565718455981,3632.5316490255373,30410200
2022-12-28,3564.905029296875,3613.2099754933097,3535.922061579014,3603.5489862540226,26057600
2022-12-29,3564.905029296875,3574.5660185361617,3535.922061579014,3564.905029296875,22647000
2022-12-30,3564.905029296875,3593.887997014736,3564.905029296875,3564.905029296875,30472400
2023-01-02,3564.905029296875,3564.905029296875,3516.6000831004403,3564.905029296875,13398400
2023-01-03,3584.22705078125,3593.8880401364554,3535.922104005222,3555.2440827156333,26463000
2023-01-04,3545.582763671875,3593.8877059562333,3535.9217752150034,3584.2267174993613,48118400
2023-01-05,3477.9560546875,3535.9219889322917,3410.3291314019098,3535.9219889322917,91135000
2023-01-06,3439.31201171875,3497.2779445005267,3429.6510229217874,3468.2949781096386,47075000
2023-01-09,3477.9560546875,3497.278032769097,3429.651109483507,3458.6340766059025,38714400
2023-01-10,3371.685302734375,3477.9561862016476,3342.702334516028,3477.9561862016476,66338200
2023-01-11,3284.736572265625,3371.6854815314796,3255.75360251034,3371.6854815314796,97985200
2023-01-12,3323.38037109375,3381.3463077988736,3284.736413290334,3352.363339446312,74713600
2023-01-13,3352.36328125,3352.36328125,3313.7193241174355,3352.36328125,31492000
2023-01-16,3391.007080078125,3400.6680689102564,3352.3631247495996,3362.024113581731,27930400
2023-01-17,3448.97314453125,3468.295122931985,3381.346220128676,3391.0072093290437,58844000
2023-01-18,3429.65087890625,3487.616809253961,3400.667913732394,3458.6338440801055,42102800
2023-01-19,3458.63427734375,3468.295266945269,3410.3293293361558,3439.3122981407123,34502200
2023-01-20,3487.6171875,3516.6001558171747,3439.312240304709,3477.956198060942,36841800
2023-01-24,3497.27783203125,3535.921785976347,3468.2948665724275,3506.938820517524,28496000
2023-01-25,3506.939208984375,3574.5661358793905,3497.2782194279444,3555.244156766529,72962200
2023-01-26,3661.5146484375,3680.83662547411,3506.9388321446245,3526.260809181234,77131800
2023-01-27,3690.49755859375,3709.8195353403144,3661.514593473904,3709.8195353403144,89603000
2023-01-30,3593.8876953125,3690.497579595094,3574.565718455981,3690.497579595094,63021600
2023-01-31,3535.922119140625,3593.8880555199794,3506.939150950948,3555.244097933743,139348400
2023-02-01,3526.260986328125,3574.5659313463184,3506.9390083208473,3555.2439533390407,58539000
2023-02-02,3516.60009765625,3555.2440547733513,3497.278119097699,3545.583065494076,47100600
2023-02-03,3593.8876953125,3603.5486837407593,3535.921764742943,3555.2437415994623,42774000
2023-02-06,3613.20947265625,3613.20947265625,3535.9215694978275,3593.887496866644,38504200
2023-02-07,3622.871337890625,3632.532328125,3574.56638671875,3613.2103476562497,38887200
2023-02-08,3661.5146484375,3671.175636955805,3622.8706943642815,3622.8706943642815,34054800
2023-02-09,3690.49755859375,3690.4975585937505,3642.19261672734,3651.8536051006217,56866600
2023-02-10,3680.8369140625,3680.8369140625,3642.1929569594818,3680.8369140625,24979400
2023-02-13,3671.176025390625,3700.1589940121303,3651.854046309622,3700.1589940121303,30348000
2023-02-14,3651.85400390625,3690.4979616195437,3632.5320250496034,3671.175982762897,48802600
2023-02-15,3642.192626953125,3661.5146037539375,3584.2266965506883,3651.8536153535315,38279800
2023-02-16,3613.20947265625,3651.853424235461,3593.887496866644,3651.853424235461,38386000
2023-02-17,3584.22705078125,3622.871008202072,3574.566061426044,3613.210018846866,27312200
2023-02-20,3535.922119140625,3603.5490449165386,3526.261129744066,3584.22706612342,64976600
2023-02-21,3497.27783203125,3555.2437629488954,3497.27783203125,3535.921785976347,72588200
2023-02-22,3419.990234375,3497.2781492761296,3400.668255649717,3477.956170550847,92300400
2023-02-23,3458.63427734375,3477.9562565467877,3400.668339734637,3419.9903189376746,52724200
2023-02-24,3439.31201171875,3526.2609108914153,3439.31201171875,3477.955966906601,53277000
2023-02-27,3458.63427734375,3477.9562565467877,3419.9903189376746,3439.3122981407123,48120000
2023-02-28,3391.007080078125,3477.9559795673076,3391.007080078125,3477.9559795673076,108313400
2023-03-01,3458.63427734375,3468.295266945269,3391.007350133118,3391.007350133118,48204200
2023-03-02,3429.65087890625,3458.6338440801055,3429.65087890625,3458.6338440801055,49577200
2023-03-03,3381.345947265625,3439.3118777901786,3381.345947265625,3429.6508893694195,54989400
2023-03-06,3400.66796875,3429.6509343927555,3381.3459916548295,3400.66796875,42464200
2023-03-07,3439.31201171875,3448.973000515713,3400.668056530899,3400.668056530899,45285800
2023-03-08,3429.65087890625,3429.65087890625,3400.667913732394,3419.9898905149644,33221200
2023-03-09,3535.922119140625,3564.905087330302,3477.9561827612706,3477.9561827612706,112172600
2023-03-10,3487.6171875,3526.261145256233,3477.956198060942,3516.6001558171747,72647400
2023-03-13,3477.9560546875,3497.278032769097,3429.651109483507,3487.6170437282985,87385200
2023-03-14,3391.007080078125,3439.312024238782,3381.3460912459936,3439.312024238782,124869200
2023-03-15,3400.66796875,3448.972911487926,3391.0069802024145,3439.3119229403405,97799600
2023-03-16,3458.63427734375,3516.600214952863,3410.3293293361558,3429.6513085391935,109964600
2023-03-17,3487.6171875,3535.922134695291,3468.295208621884,3477.956198060942,151227200
2023-03-20,3477.9560546875,3526.2609998914927,3468.2950656467015,3487.6170437282985,32195200
2023-03-21,3564.905029296875,3574.5660185361617,3468.2951369040056,3497.2781046218665,49801400
2023-03-24,3719.480712890625,3758.124668349229,3574.5658799208604,3584.226868785511,161637200
2023-03-27,3671.176025390625,3767.7859207956417,3671.176025390625,3738.802952174137,99699200
2023-03-28,3638.03271484375,3708.5762854916898,3627.9550618940443,3708.5762854916898,77714200
2023-03-29,3708.576171875,3728.7314771569295,3638.0326033882475,3648.110256029212,67383200
2023-03-30,3769.041748046875,3789.197051512366,3728.731141115892,3748.8864445813833,67522400
2023-03-31,3769.041748046875,3779.1193997796204,3718.6534893831463,3769.0417480468745,54065000
2023-04-03,3769.041748046875,3789.197051512366,3738.808792848638,3769.0417480468745,29520600
2023-04-04,3769.041748046875,3779.1193997796204,3708.575837650401,3769.0417480468745,46922000
2023-04-05,3758.964599609375,3809.3528650196886,3738.8092934452498,3769.042252691438,50698800
2023-04-06,3779.1201171875,3779.1201171875,3758.9648098958332,3758.9648098958332,46209000
2023-04-10,3758.964599609375,3779.1199057735007,3728.731640363187,3769.042252691438,37676400
2023-04-11,3779.1201171875,3789.1977708333334,3748.88715625,3748.88715625,29357800
2023-04-12,3769.041748046875,3789.197051512366,3769.0417480468745,3789.197051512366,46097000
2023-04-13,3779.1201171875,3809.3530781249997,3769.0424635416666,3809.3530781249997,39924200
2023-04-14,3789.197265625,3829.5078748337764,3779.1196133228054,3799.274917927194,64999800
2023-04-17,3809.352783203125,3809.352783203125,3779.119824606275,3799.2751303375085,28538400
2023-04-18,3819.43017578125,3859.7407844966197,3789.1972192447233,3809.352523602408,57641400
2023-04-26,3859.74072265625,3859.74072265625,3799.274810551975,3849.663070638871,93228000
2023-04-27,3829.508056640625,3869.818667763158,3819.430403859992,3849.6633622018917,26137000
2023-04-28,3799.274658203125,3859.7405678827504,3799.274658203125,3859.7405678827504,46132800
2023-05-02,3849.6630859375,3849.6630859375,3799.27482565036,3809.352477707788,28908400
2023-05-03,3819.43017578125,3849.663132317777,3789.1972192447233,3849.663132317777,30178200
2023-05-04,3748.886474609375,3799.274733676705,3738.808822795909,3789.197081863239,44453400
2023-05-05,3728.731689453125,3758.9646490973396,3688.4210765941725,3748.8869958826017,54129200
2023-05-08,3688.4208984375,3748.886814805328,3688.4208984375,3738.8091620773566,33599400
2023-05-09,3678.34326171875,3698.4985672624143,3648.1103034032535,3678.34326171875,36728200
2023-05-10,3708.576171875,3738.809129797894,3698.4985192340355,3718.6538245159645,35383600
2023-05-11,3688.4208984375,3688.4208984375,3648.1102875256147,3688.4208984375,38690600
2023-05-12,3627.954833984375,3688.420747884115,3617.8771816677518,3678.3430955674917,50498800
2023-05-15,3587.644287109375,3638.032549568776,3567.4889821256143,3627.954897076896,78164000
2023-05-16,3527.17822265625,3617.877091238839,3507.022918526786,3607.799439174107,101617400
2023-05-17,3527.17822265625,3557.4111788504465,3486.867614397321,3517.1005705915177,101667400
2023-05-19,3557.41162109375,3587.6445810463883,3527.178661141112,3547.333967776204,96444800
2023-05-22,3567.489013671875,3577.566666252869,3537.2560559288927,3557.4113610908807,88480000
2023-05-23,3607.7998046875,3627.9551108589385,3557.4115392589038,3557.4115392589038,107289400
2023-05-24,3557.41162109375,3607.7998876814804,3547.333967776204,3587.6445810463883,133024800
2023-05-25,3627.954833984375,3638.0324863009987,3547.333615451389,3557.4112677680123,74127200
2023-05-26,3607.7998046875,3658.1880701160962,3607.7998046875,3627.9551108589385,43538600
2023-05-29,3648.110107421875,3648.110107421875,3607.7994985000864,3627.954802960981,27492000
2023-05-30,3638.03271484375,3668.265673692867,3617.8774089443386,3638.03271484375,41695200
2023-05-31,3648.110107421875,3678.3430641132168,3638.032455191428,3668.2654118827695,278133800
2023-06-05,3627.954833984375,3678.3430955674917,3627.9548339843755,3648.110138617622,53155600
2023-06-06,3708.576171875,3728.7314771569295,3597.7219928243885,3627.9549507472825,82211400
2023-06-07,3688.4208984375,3728.7315093493853,3658.187940253586,3718.653856621414,62411600
2023-06-08,3708.576171875,3708.576171875,3658.1879086701765,3688.4208665930705,34322400
2023-06-09,3718.65380859375,3718.6538085937495,3688.420850800305,3708.5761559959346,35863800
2023-06-12,3748.886474609375,3748.8864746093745,3698.4982155420444,3728.7311709824426,34347200
2023-06-13,3678.34326171875,3748.8868311215756,3668.265608946918,3748.8868311215756,40190000
2023-06-14,3617.877197265625,3668.265459065982,3607.799544905554,3668.265459065982,91447800
2023-06-15,3668.265625,3668.265625,3607.7997081043954,3617.8773609203295,35271200
2023-06-16,3638.03271484375,3658.1880207431614,3607.799755994633,3658.1880207431614,53221000
2023-06-19,3648.110107421875,3648.110107421875,3607.7994985000864,3638.032455191428,28209000
2023-06-20,3658.18798828125,3658.18798828125,3627.955029700413,3648.110335420971,27112200
2023-06-21,3668.265625,3668.265625,3627.9550137362635,3658.187972184066,21594600
2023-06-22,3648.110107421875,3718.6536730350053,3648.110107421875,3668.2654118827695,41779600
2023-06-23,3638.03271484375,3668.265673692867,3638.03271484375,3658.1880207431614,22346200
2023-06-26,3678.34326171875,3678.34326171875,3617.877345087757,3638.0326506314213,27723200
2023-06-27,3688.4208984375,3698.4985511654713,3658.187940253586,3678.3432457095287,33973200
2023-07-03,3718.65380859375,3728.731461191565,3688.420850800305,3708.5761559959346,63091600
2023-07-04,3668.265625,3718.65388907967,3648.110319368132,3718.65388907967,31937600
2023-07-05,3688.4208984375,3688.4208984375,3658.187940253586,3678.3432457095287,16724200
2023-07-06,3668.265625,3708.576236263736,3658.187972184066,3688.420930631868,48292600
2023-07-07,3658.18798828125,3688.4209468620866,3658.18798828125,3668.2656411415287,24713400
2023-07-10,3648.110107421875,3678.3430641132168,3648.110107421875,3658.1877596523223,19832600
2023-07-11,3617.877197265625,3658.1878067059106,3617.877197265625,3638.032501985768,46162800
2023-07-12,3607.7998046875,3638.0327639446577,3597.7221516017808,3627.9551108589385,83926600
2023-07-13,3587.644287109375,3638.032549568776,3577.5666346174944,3617.877244585016,115995200
2023-07-14,3597.721923828125,3617.877228723521,3587.644271380427,3597.721923828125,43596800
2023-07-17,3607.7998046875,3638.0327639446577,3607.7998046875,3607.7998046875,60019400
2023-07-18,3587.644287109375,3627.954897076896,3587.644287109375,3607.7995920931353,65080800
2023-07-20,3648.110107421875,3648.110107421875,3597.721846269639,3597.721846269639,62532400
2023-07-21,3648.110107421875,3648.110107421875,3627.954802960981,3648.110107421875,19578200
2023-07-24,3638.03271484375,3658.1880207431614,3627.9550618940443,3627.9550618940443,37485400
2023-07-25,3638.03271484375,3678.3433266425727,3638.03271484375,3648.1103677934557,45959000
2023-07-26,3607.7998046875,3648.110417030377,3597.7221516017808,3638.0327639446577,104007400
2023-07-27,3587.644287109375,3607.7995920931353,3587.644287109375,3597.721939601255,85572800
2023-07-28,3577.56640625,3597.721709947183,3547.3334507042255,3587.644058098592,81248000
2023-07-31,3577.56640625,3607.799361795775,3557.4111025528173,3587.644058098592,65017400
2023-08-01,3496.945556640625,3567.489126947496,3476.7902508386614,3557.4114740465147,136286600
2023-08-02,3577.56640625,3577.56640625,3507.022843309859,3507.022843309859,66452600
2023-08-03,3607.7998046875,3627.9551108589385,3567.489192344623,3577.5668454303423,82168800
2023-08-04,3627.954833984375,3648.110138617622,3597.7218770345053,3607.7995293511285,56224800
2023-08-07,3627.954833984375,3648.110138617622,3627.9548339843755,3627.9548339843755,35042800
2023-08-08,3597.721923828125,3638.0325336189167,3587.644271380427,3627.954881171219,28001600
2023-08-09,3658.18798828125,3668.2656411415287,3597.7220711195764,3597.7220711195764,67682000
2023-08-10,3668.265625,3678.343277815934,3648.110319368132,3668.265625,47185600
2023-08-11,3668.265625,3678.343277815934,3648.110319368132,3668.265625,33962600
2023-08-14,3708.576171875,3728.7314771569295,3668.2655613111415,3678.343213952106,90433400
2023-08-15,3668.265625,3718.65388907967,3668.265625,3708.576236263736,48732000
2023-08-16,3668.265625,3678.343277815934,3607.7997081043954,3668.265625,54525000
2023-08-18,3648.110107421875,3658.1877596523223,3617.8771507305337,3658.1877596523223,51664400
2023-08-21,3678.34326171875,3678.34326171875,3648.1103034032535,3658.1879561750857,35954600
2023-08-22,3668.265625,3688.420930631868,3658.187972184066,3678.343277815934,30726000
2023-08-23,3658.18798828125,3678.343294001808,3658.18798828125,3668.2656411415287,27342600
2023-08-24,3678.34326171875,3688.420914490582,3658.1879561750857,3658.1879561750857,28494200
2023-08-25,3668.265625,3678.343277815934,3648.110319368132,3668.265625,27453200
2023-08-28,3668.265625,3688.420930631868,3658.187972184066,3668.265625,21944400
2023-08-29,3688.4208984375,3708.5762038934427,3668.2655929815573,3668.2655929815573,49788000
2023-08-30,3708.576171875,3748.8867824388585,3698.4985192340355,3698.4985192340355,83251800
2023-08-31,3698.498291015625,3728.7312470729735,3698.498291015625,3708.575943034741,64007200
2023-09-01,3698.498291015625,3718.6535950538573,3698.498291015625,3708.575943034741,16703400
2023-09-04,3809.352783203125,3839.5857417999755,3708.576254546958,3728.7315602781914,146903600
2023-09-05,3879.896240234375,3910.129197950487,3809.3526722301135,3809.3526722301135,100659200
2023-09-06,3859.74072265625,3900.051330725767,3859.74072265625,3900.051330725767,60567600
2023-09-07,3829.508056640625,3859.741014982525,3789.197445518092,3859.741014982525,52556600
2023-09-08,3779.1201171875,3829.5083854166664,3769.0424635416666,3829.5083854166664,49974400
2023-09-11,3809.352783203125,3829.5080889343585,3748.886866009425,3779.119824606275,54934600
2023-09-12,3748.886474609375,3809.352385490171,3748.8864746093745,3809.352385490171,53087200
2023-09-13,3769.041748046875,3779.1193997796204,3738.808792848638,3758.964096314129,44955600
2023-09-14,3809.352783203125,3829.5080889343585,3769.0421717406584,3789.197477471892,57207600
2023-09-15,3819.43017578125,3839.585480138935,3799.2748714235654,3809.352523602408,73345200
2023-09-18,3769.041748046875,3829.5076584433486,3769.0417480468745,3819.430006710603,32816000
2023-09-19,3809.352783203125,3839.5857417999755,3769.0421717406584,3779.119824606275,26575600
2023-09-20,3859.74072265625,3900.051330725767,3809.352462569354,3809.352462569354,82221800
2023-09-21,3869.818603515625,3900.051561355591,3849.663298288981,3859.7409509023028,56156800
2023-09-22,3930.28466796875,3980.6729329427085,3869.81875,3889.974055989583,93225000
2023-09-25,4051.21630859375,4051.2163085937495,3930.2844784864737,3930.2844784864737,110954800
2023-09-26,4020.983154296875,4071.3714143757834,4010.9055022810935,4061.293762360002,127165000
2023-09-27,4081.44921875,4121.759828317901,4010.9056520061727,4020.983304398148,92088000
2023-09-29,4162.0703125,4202.380920853511,4091.5267478813557,4101.604399969734,76949400
2023-10-02,4151.9931640625,4232.614390549151,4151.9931640625,4162.070817373331,52562400
2023-10-03,4202.380859375,4212.458511315947,4162.0702516112115,4172.147903552158,49593400
2023-10-04,4182.22607421875,4222.536686982304,4131.837808264307,4212.459033791415,57958800
2023-10-05,4182.22607421875,4192.303727409639,4172.148421027861,4192.303727409639,69727000
2023-10-06,4192.30322265625,4212.458526611328,4172.147918701172,4212.458526611328,41840100
2023-10-09,4111.68212890625,4192.303347120098,4071.3715197993256,4192.303347120098,55808900
2023-10-10,4192.30322265625,4192.30322265625,4151.992614746094,4172.147918701172,27090900
2023-10-11,4172.14794921875,4192.303253321256,4151.992645116244,4192.303253321256,63713600
2023-10-12,4293.08056640625,4373.701797700264,4192.304027288732,4192.304027288732,71485100
2023-10-13,4172.14794921875,4333.390382038799,4172.14794921875,4313.235077936292,49138900
2023-10-16,4192.30322265625,4252.769134521484,4151.992614746094,4192.30322265625,35029400
2023-10-17,4192.30322265625,4212.458526611328,4151.992614746094,4192.30322265625,29834000
2023-10-18,4131.83740234375,4212.458619950457,4111.682097942074,4192.30331554878,46027500
2023-10-19,3982.688232421875,4111.682183269547,3950.4397447099573,4111.682183269547,96750500
2023-10-20,4006.874755859375,4051.2164282079193,3958.502022388235,3982.688389123805,48517500
2023-10-23,4022.998779296875,4071.3715101100643,3990.7502920880825,4006.8745356924787,36582200
2023-10-24,4031.060791015625,4091.5267028808594,4006.8744262695313,4031.060791015625,43655100
2023-10-25,4006.874755859375,4071.371733820894,3998.812633614185,4071.371733820894,49108000
2023-10-26,3934.315673828125,4022.999018934907,3894.0050624159517,4014.936896652472,77078100
2023-10-27,3910.129150390625,3950.4397601884666,3910.129150390625,3934.31551626933,39350600
2023-10-30,3910.129150390625,3918.1912723501932,3877.880662552352,3910.129150390625,34312600
2023-10-31,3861.756591796875,3910.129325723349,3805.321735549321,3910.129325723349,62061200
2023-11-01,3885.942626953125,3974.625964912636,3861.756262055076,3974.625964912636,58008400
2023-11-02,3926.253662109375,3966.564274656699,3877.880927052586,3885.9430495620504,61528700
2023-11-03,3942.377685546875,3982.6882958285405,3934.315563490542,3958.501929659541,37333500
2023-11-06,4006.874755859375,4031.061122594944,3982.688389123805,4014.9368781045646,54278500
2023-11-07,3982.688232421875,4006.8745982058135,3958.5018666379365,4006.8745982058135,38213600
2023-11-08,3934.315673828125,3990.750529805168,3918.191429263256,3982.688407522733,30691100
2023-11-09,3918.191650390625,3990.750755027488,3918.191650390625,3934.3158958654835,32999400
2023-11-10,3918.191650390625,3926.253773128054,3885.943159440908,3918.191650390625,37753900
2023-11-13,3942.377685546875,3958.501929659541,3926.253441434209,3942.377685546875,17199700
2023-11-14,3934.315673828125,3982.688407522733,3934.315673828125,3958.5020406754293,27961100
2023-11-15,4014.936767578125,4051.2163166827468,3998.8125235316265,4006.8746455548758,93350800
2023-11-16,3990.750244140625,4022.9987309619637,3958.5017573192868,4006.8744875512944,38121600
2023-11-17,4014.936767578125,4022.9988896013747,3950.439791392131,3982.688279485128,48489500
2023-11-20,4014.936767578125,4051.2163166827468,4006.8746455548758,4031.061011624624,52108800
2023-11-21,4091.527099609375,4111.682405518781,4022.9990595173954,4031.0611818811576,129449900
2023-11-22,4091.527099609375,4111.682405518781,4051.2164877905634,4111.682405518781,28872800
2023-11-23,4151.9931640625,4172.148470684163,4091.527244197512,4111.682550819175,80157000
2023-11-24,4192.30322265625,4232.613830566406,4172.147918701172,4172.147918701172,61211100
2023-11-27,4252.76953125,4313.235448755924,4212.458919579384,4212.458919579384,79553000
2023-11-28,4172.14794921875,4313.235077936292,4172.14794921875,4313.235077936292,43142000
2023-11-29,4212.458984375,4212.458984375,4111.6824536483255,4131.837759793661,48041400
2023-11-30,4252.76953125,4252.76953125,4151.99300207346,4151.99300207346,127524100
2023-12-01,4232.61376953125,4272.924376860119,4192.303162202381,4272.924376860119,31223300
2023-12-04,4272.9248046875,4313.2354160524765,4232.6141933225235,4252.769499005012,34104500
2023-12-05,4272.9248046875,4293.080110369989,4212.458887640036,4272.9248046875,29788300
2023-12-06,4212.458984375,4293.080208956339,4212.458984375,4272.924902811004,32453700
2023-12-07,4252.76953125,4272.924837085308,4151.99300207346,4212.458919579384,36511000
2023-12-08,4091.527099609375,4212.45893506581,4091.527099609375,4192.303629156404,47842200
2023-12-11,4172.14794921875,4192.303253321256,4071.37142870622,4091.5267328087257,36394800
2023-12-12,4252.76953125,4272.924837085308,4212.458919579384,4232.614225414692,40554100
2023-12-13,4172.14794921875,4252.769165628774,4131.837341013738,4252.769165628774,39240500
2023-12-14,4313.23486328125,4353.54546948014,4212.458347784024,4212.458347784024,85061100
2023-12-15,4252.76953125,4373.701366261848,4252.76953125,4373.701366261848,58451500
2023-12-18,4192.30322265625,4272.9244384765625,4172.147918701172,4232.613830566406,51524600
2023-12-19,4192.30322265625,4232.613830566406,4172.147918701172,4192.30322265625,42678100
2023-12-20,4192.30322265625,4232.613830566406,4172.147918701172,4212.458526611328,54306000
2023-12-21,4151.9931640625,4212.459083927488,4131.837857440837,4212.459083927488,48767200
2023-12-22,4232.61376953125,4232.61376953125,4172.147858537946,4192.303162202381,35234900
2023-12-27,4252.76953125,4293.080142920616,4232.614225414692,4272.924837085308,31289300
2023-12-28,4313.23486328125,4353.54546948014,4232.61365088347,4272.92425708236,37566900
2023-12-29,4333.390625,4353.545930232558,4293.080014534884,4333.390625,38423300
2024-01-02,4333.390625,4333.390625,4272.924709302326,4333.390625,20147500
2024-01-03,4313.23486328125,4353.54546948014,4293.0795601818045,4333.390166380695,27547700
2024-01-04,4514.78857421875,4575.254492623466,4293.080206734794,4313.235512869699,77162400
2024-01-05,4494.63330078125,4635.720444751962,4494.63330078125,4575.254525907371,69463500
2024-01-08,4494.63330078125,4555.099219625841,4474.47799449972,4494.63330078125,60606600
2024-01-09,4555.09912109375,4555.09912109375,4514.788509402655,4514.788509402655,34897000
2024-01-10,4514.78857421875,4575.254492623466,4494.633268083845,4534.943880353655,37988500
2024-01-11,4514.78857421875,4595.409798758371,4494.633268083845,4555.099186488561,22855800
2024-01-12,4514.78857421875,4555.099186488561,4494.633268083845,4514.78857421875,40942900
2024-01-15,4534.943359375,4575.253967013889,4514.788055555556,4555.098663194444,51408800
2024-01-16,4514.78857421875,4534.943880353655,4494.633268083845,4534.943880353655,37795700
2024-01-17,4474.47802734375,4534.943946632179,4414.012108055321,4514.7886402027025,61481200
2024-01-18,4474.47802734375,4514.7886402027025,4414.012108055321,4474.47802734375,33241700
2024-01-19,4434.16748046875,4494.63340065696,4414.0121737393465,4494.63340065696,29776100
2024-01-22,4454.322265625,4514.788178733032,4393.856352516968,4454.322265625,30949600
2024-01-23,4373.701171875,4454.322391633064,4333.390561995968,4454.322391633064,48824300
2024-01-24,4414.01171875,4434.167023401827,4353.54580479452,4393.856414098173,42436800
2024-01-25,4353.5458984375,4454.322423864294,4353.5458984375,4434.167118778935,47955600
2024-01-26,4373.701171875,4373.701171875,4313.235257056452,4353.545866935484,30545600
2024-01-29,4494.63330078125,4494.63330078125,4393.856769373599,4393.856769373599,63056100
2024-01-30,4555.09912109375,4575.254426939297,4474.477897711559,4494.633203557108,55020500
2024-01-31,4635.72021484375,4676.030825407609,4575.254298997962,4595.409604279891,70045600
2024-02-01,4615.56494140625,4635.720246827238,4555.099025143286,4635.720246827238,49179400
2024-02-02,4655.87548828125,4696.186098569399,4635.720183137176,4635.720183137176,44074200
2024-02-05,4635.72021484375,4696.186130689538,4615.564909561821,4655.875520125679,47096400
2024-02-06,4655.87548828125,4696.186098569399,4635.720183137176,4655.87548828125,41834000
2024-02-07,4635.72021484375,4696.186130689538,4635.72021484375,4655.875520125679,39906900
2024-02-12,4796.96240234375,4837.273010766807,4635.719968651523,4655.875272863052,64615800
2024-02-13,4736.4970703125,4817.118297041224,4716.341763630319,4817.118297041224,74976200
2024-02-15,4837.2734375,5018.67119140625,4837.2734375,4958.2052734375,128792500
2024-02-16,4837.2734375,4938.049967447917,4837.2734375,4857.428743489583,62601000
2024-02-19,4736.4970703125,4877.584217087766,4736.4970703125,4857.428910405585,67950100
2024-02-20,4857.42822265625,4857.42822265625,4756.651703514004,4756.651703514004,37554100
2024-02-21,4837.2734375,4877.584049479166,4776.80751953125,4857.428743489583,54476400
2024-02-22,4796.96240234375,4857.428314978335,4756.651793920693,4837.273010766807,37676100
2024-02-23,4756.65185546875,4837.273073358051,4696.185942051774,4837.273073358051,50216600
2024-02-26,4756.65185546875,4776.807159941075,4676.030637579449,4756.65185546875,27500000
2024-02-27,4837.2734375,4837.2734375,4716.3416015625,4756.652213541666,38645200
2024-02-28,4817.1181640625,4837.273470188285,4756.652245685146,4796.962857936715,27278600
2024-02-29,4837.2734375,4837.2734375,4756.652213541666,4817.118131510417,48736000
2024-03-01,4756.65185546875,4817.117768885725,4696.185942051774,4776.807159941075,71774400
2024-03-04,4736.4970703125,4776.807683676861,4676.031150265958,4756.652376994681,35600700
2024-03-05,4756.65185546875,4796.9624644134,4716.341246524099,4736.496550996425,49795500
2024-03-06,4796.96240234375,4796.96240234375,4736.496489709165,4756.651793920693,28923100
2024-03-07,4817.1181640625,4857.428776314069,4796.962857936715,4817.1181640625,47464200
2024-03-08,4917.89453125,4938.049836705943,4817.118003970287,4837.273309426229,73185000
2024-03-13,5018.6708984375,5038.826203250503,4917.89437437249,4917.89437437249,87861700
2024-03-14,4958.20556640625,5038.826795128302,4897.73964486471,5018.6714879477895,88145400
2024-03-15,4899.49169921875,5026.202691439925,4836.136203108163,5026.202691439925,144447600
2024-03-18,4899.49169921875,4983.965694032867,4899.49169921875,4920.610197922279,48979300
2024-03-19,4941.728515625,4962.8470135550215,4899.491519764957,4899.491519764957,34162200
2024-03-20,4962.84716796875,4983.965666555851,4941.7286693816495,4941.7286693816495,32725900
2024-03-21,4899.49169921875,5005.084192736395,4899.49169921875,4983.965694032867,50976000
2024-03-22,4941.728515625,4962.8470135550215,4899.491519764957,4941.728515625,29927600
2024-03-25,5005.08447265625,5005.08447265625,4920.6104731177475,5005.08447265625,43514000
2024-03-26,5026.203125,5026.203125,4941.72912289916,5026.203125,29383900
2024-03-27,5005.08447265625,5047.321472425501,4983.965972771624,5026.202972540876,19643200
2024-03-28,4983.9658203125,5026.202818789724,4941.728821835275,5026.202818789724,40077400
2024-04-01,4772.7802734375,4983.965241288717,4688.306286297014,4983.965241288717,100174400
2024-04-02,4624.951171875,4751.6621628852745,4582.714174871576,4751.6621628852745,121164600
2024-04-03,4498.240234375,4667.188224398475,4413.766239363263,4603.832728139671,126994500
2024-04-04,4519.3583984375,4540.476895626461,4434.884409681659,4434.884409681659,163113100
2024-04-05,4477.1220703125,4540.477571307488,4477.1220703125,4498.240570644162,36818200
2024-04-16,4392.6474609375,4477.121450570913,4265.93647648738,4287.054973895733,164123600
2024-04-17,4434.884765625,4519.3587611607145,4434.884765625,4434.884765625,68948000
2024-04-18,4477.1220703125,4519.3590709758255,4434.8850696491745,4434.8850696491745,57785900
2024-04-19,4413.76611328125,4456.0031095805925,4371.529116981908,4434.884611430921,52519300
2024-04-22,4519.3583984375,4519.3583984375,4350.410420925818,4434.884409681659,62509300
2024-04-23,4434.884765625,4582.7142578125,4434.884765625,4540.477260044643,45322700
2024-04-24,4477.1220703125,4519.3590709758255,4392.648068985849,4477.1220703125,44771200
2024-04-25,4477.1220703125,4498.240570644162,4413.766569317511,4477.1220703125,35922300
2024-04-26,4350.41064453125,4456.003135903368,4308.173647982403,4392.647641080097,80482400
2024-04-29,4413.76611328125,4413.76611328125,4265.9366262335525,4329.292120682566,41068600
2024-04-30,4434.884765625,4519.3587611607145,4413.766266741071,4498.240262276786,73658500
2024-05-02,4080.093994140625,4434.88477623981,4063.199194993045,4392.64777837086,183458300
2024-05-03,4080.093994140625,4122.330992009575,4012.514797550304,4096.988793288206,89058400
2024-05-06,4063.19921875,4130.778415735447,4054.751819126819,4122.331016112266,81862000
2024-05-07,3970.27783203125,4063.199228100066,3953.3830327460105,4046.304428814827,82580800
2024-05-08,3944.935546875,4029.4095414547646,3902.6985495851177,3953.3829463329766,58548300
2024-05-13,4037.85693359375,4037.85693359375,3885.8037436257846,3885.8037436257846,54329600
2024-05-14,4164.56787109375,4173.015270426597,4037.8568811010396,4046.304280433887,70014900
2024-05-15,4244.81787109375,4308.1733617070895,4096.988392995958,4122.330589241294,85730700
2024-05-16,4392.6474609375,4456.00295316256,4308.173471304087,4329.2919687124395,118382400
2024-05-17,4371.529296875,4456.003292949879,4329.29229883756,4392.64779589372,67679700
2024-05-20,4206.80517578125,4434.884974468186,4181.4629759271465,4392.647974711345,76605300
2024-05-21,4029.409423828125,4206.804807267099,4020.962024616745,4206.804807267099,87501700
2024-05-22,4020.962158203125,4054.7517561712184,3987.1725602350316,3987.1725602350316,60859500
2024-05-27,3944.935546875,4046.3043403707175,3911.1459490430943,4029.4095414547646,60499200
2024-05-28,3978.725341796875,4046.3045408082867,3961.830542044022,3970.2779419204485,25799600
2024-05-29,3826.672119140625,3961.830516284665,3801.3299196761177,3953.3831164631624,111830200
2024-05-30,3792.88232421875,3852.014119919265,3691.5135315892953,3801.329723604538,81608700
2024-05-31,3716.855712890625,3860.461501797763,3716.855712890625,3835.1193037553267,145978300
2024-06-03,3902.698486328125,3919.593284970238,3759.0926978701636,3767.5400971912204,53865700
2024-06-04,3919.59326171875,3970.2776573444235,3885.8036646349674,3928.0406609896954,52885400
2024-06-05,3894.2509765625,3936.487971969902,3868.9087793180584,3911.145774725461,46536400
2024-06-06,4029.409423828125,4029.409423828125,3911.145834868809,3944.935431714328,69154900
2024-06-07,3970.27783203125,4037.857029172207,3936.488233460771,4029.4096295295876,45575300
2024-06-10,3894.2509765625,3936.487971969902,3843.5665820736167,3928.0405728884216,65704900
2024-06-11,3784.43505859375,3911.1460538591655,3784.43505859375,3852.014256068638,95286400
2024-06-12,3742.197998046875,3767.5401966792465,3725.3031989586275,3742.197998046875,112781100
2024-06-13,3784.43505859375,3818.224657331194,3767.540259225028,3801.329857962472,47763900
2024-06-14,3640.8291015625,3784.434889791183,3640.8291015625,3784.434889791183,65046900
2024-06-19,3632.381591796875,3708.4081832530887,3598.5919955941135,3640.8289908475654,60373800
2024-06-20,3716.855712890625,3725.303112238104,3632.3817194158382,3649.2765181107957,50579900
2024-06-21,3835.11962890625,3894.251429351941,3716.8560280148677,3716.8560280148677,108982500
2024-06-24,3835.11962890625,3885.804029288271,3767.5404283968887,3835.11962890625,49112400
2024-06-25,3784.43505859375,3826.6720570155553,3733.7506604875834,3818.224657331194,44861500
2024-06-26,3733.750732421875,3826.6721307400667,3733.750732421875,3784.435131504525,34063700
2024-06-27,3868.90869140625,3894.25088807485,3742.197708063251,3759.092505842317,85462100
2024-06-28,3936.48828125,4004.0674792113737,3877.3564830337987,3877.3564830337987,95384300
2024-07-01,3978.725341796875,3987.172741673301,3928.040942538316,3961.830542044022,43250900
2024-07-02,3978.725341796875,3995.6201415497276,3944.935742291169,3978.7253417968745,35142800
2024-07-03,3928.040771484375,4004.067367061492,3911.1459724672377,3995.6199675529233,41531700
2024-07-04,3978.725341796875,4029.4097410554336,3936.4883424147424,3961.830542044022,61435900
2024-07-05,3970.27783203125,4037.857029172207,3961.83043238863,3995.620030959109,67585600
2024-07-08,3944.935546875,4004.067343080835,3944.935546875,3995.619943622859,36004700
2024-07-09,4105.4365234375,4113.883923691486,3944.935918611754,3944.935918611754,87456600
2024-07-10,4071.646728515625,4139.225927329162,4071.646728515625,4096.988928070701,48700200
2024-07-11,4113.88330078125,4122.33069975616,4080.0937048816095,4096.988502831429,37573700
2024-07-12,4244.81787109375,4329.291858578203,4156.120184235075,4156.120184235075,151520700
2024-07-15,4244.81787109375,4287.054864835976,4206.804576725746,4265.936367964863,94794900
2024-07-16,4206.80517578125,4265.936975440826,4206.80517578125,4265.936975440826,66371200
2024-07-17,4223.69970703125,4287.055202636719,4223.69970703125,4265.936704101562,59615300
2024-07-18,4287.05517578125,4329.292172586976,4215.252281211515,4215.252281211515,86127800
2024-07-19,4308.173828125,4308.173828125,4244.818330652573,4287.0553289675245,66907300
2024-07-22,4308.173828125,4350.410826439951,4265.936829810049,4329.2923272824755,32378000
2024-07-23,4265.9365234375,4329.292016359839,4265.9365234375,4308.17351871906,30554100
2024-07-24,4308.173828125,4308.173828125,4223.699831495098,4265.936829810049,23442100
2024-07-25,4244.81787109375,4287.054864835976,4206.804576725746,4265.936367964863,52463300
2024-07-26,4223.69970703125,4287.055202636719,4215.252307617187,4223.69970703125,41982600
2024-07-29,4244.81787109375,4265.936367964863,4223.699374222637,4244.81787109375,19854800
2024-07-30,4181.462890625,4223.699889520202,4181.462890625,4223.699889520202,36234500
2024-07-31,4198.357421875,4244.818117690518,4156.120425679074,4198.357421875,34106000
2024-08-01,4287.05517578125,4287.05517578125,4173.015284405788,4173.015284405788,54207300
2024-08-02,4308.173828125,4350.410826439951,4244.818330652573,4265.936829810049,75959300
2024-08-05,4189.91015625,4265.9367518271165,4122.330960181452,4244.818253055695,65485300
2024-08-06,4244.81787109375,4287.054864835976,4173.014981731965,4223.699374222637,51827100
2024-08-07,4223.69970703125,4265.936704101562,4206.804908203125,4244.8182055664065,32547900
2024-08-08,4244.81787109375,4308.1733617070895,4198.357177977301,4223.699374222637,51493100
2024-08-09,4329.29248046875,4392.647980182927,4265.936980754574,4265.936980754574,33031700
2024-08-12,4329.29248046875,4350.4109803734755,4287.055480659299,4350.4109803734755,14296000
2024-08-13,4371.529296875,4392.64779589372,4329.29229883756,4371.529296875,26196400
2024-08-14,4456.00341796875,4540.477416413655,4413.766418746298,4434.884918357524,93112500
2024-08-15,4434.884765625,4498.240262276786,4413.766266741071,4477.121763392857,33034700
2024-08-16,4477.1220703125,4519.3590709758255,4456.003569980837,4477.1220703125,33604900
2024-08-19,4519.3583984375,4603.832387193341,4456.002906870619,4477.12140405958,55661900
2024-08-20,4624.951171875,4646.069670376713,4540.477177868151,4540.477177868151,69978300
2024-08-21,4603.8330078125,4688.307007955848,4582.714507776663,4624.951507848337,92703900
2024-08-22,4456.00341796875,4582.714415636108,4413.766418746298,4582.714415636108,72626600
2024-08-23,4603.8330078125,4646.070007884175,4477.122007597477,4477.122007597477,69905300
2024-08-26,4667.18798828125,4688.306485965781,4603.832495227658,4603.832495227658,68435700
2024-08-27,4561.595703125,4688.306694878473,4519.358705873843,4667.188196252894,57135700
2024-08-28,4540.47705078125,4582.714046602471,4456.003059138808,4561.59554869186,48476500
2024-08-29,4477.1220703125,4582.714571970813,4477.1220703125,4582.714571970813,40749200
2024-08-30,4519.3583984375,4561.59539281542,4477.12140405958,4477.12140405958,86718500
2024-09-02,4519.3583984375,4561.59539281542,4498.239901248539,4519.3583984375,22988100
2024-09-03,4540.47705078125,4561.59554869186,4498.240054960029,4540.47705078125,20288700
2024-09-04,4519.3583984375,4540.476895626461,4477.12140405958,4498.239901248539,47278700
2024-09-05,4603.8330078125,4603.8330078125,4519.359007669152,4540.477507704989,62221800
2024-09-06,4772.7802734375,4793.898770222622,4624.950795941649,4646.06929272677,139365300
2024-09-09,4836.13623046875,4857.254729291758,4751.662235176719,4772.780733999727,78827500
2024-09-10,4815.017578125,4878.373072574013,4815.017578125,4857.2545744243425,55033900
2024-09-11,4772.7802734375,4857.254260577987,4772.7802734375,4815.017267007744,33792600
2024-09-12,4730.5439453125,4772.780944824219,4709.425445556641,4751.662445068359,43318600
2024-09-13,4751.66259765625,4772.781098090278,4709.4255967881945,4730.544097222222,34311700
2024-09-17,4772.7802734375,4815.017267007744,4730.543279867256,4730.543279867256,40776200
2024-09-18,4815.017578125,4815.017578125,4730.543585526316,4815.017578125,64489200
2024-09-19,4920.60986328125,4941.728360548552,4857.2543714793455,4899.491366013949,93847800
